{"cameraMode":{"drawMode":0,"name":"Shaded","section":"Shading Mode"},"sceneLighting":true,"audioPlay":false,"sceneViewState":{"m_AlwaysRefresh":false,"showFog":true,"showSkybox":true,"showFlares":true,"showImageEffects":true,"showParticleSystems":true,"showVisualEffectGraphs":true,"m_FxEnabled":true},"in2DMode":false,"pivot":{"x":-2.8566548824310304,"y":22.44440269470215,"z":-121.35360717773438},"rotation":{"x":-0.9931726455688477,"y":0.0014395415782928467,"z":0.011940298601984978,"w":0.11643734574317932},"size":40.07221984863281,"orthographic":true}